1,footbar2,"{""type"": ""human"", ""data"": {""content"": "" ."", ""additional_kwargs"": {}, ""response_metadata"": {}, ""type"": ""human"", ""name"": null, ""id"": null, ""example"": false}}"
2,footbar2,"{""type"": ""ai"", ""data"": {""content"": ""Hello, this is ABC Bank's loan assistant. \n\nI can see that you have a good payment history, Amelia. Your financial circumstances and creditworthiness are also positive. \n\nHow can I assist you today? Do you have any queries regarding your loan or our services? \n\n[Based on the profile, Amelia seems to be a low-risk borrower with a stable financial situation. No need for legal warnings at this stage. The bank can offer an extension on the loan if requested, given her strong payment history and cooperative communication.] \n\nAre there any specific concerns you'd like to address, Amelia? We're here to help."", ""additional_kwargs"": {}, ""response_metadata"": {}, ""type"": ""ai"", ""name"": null, ""id"": null, ""example"": false, ""tool_calls"": [], ""invalid_tool_calls"": []}}"
3,footbar2,"{""type"": ""human"", ""data"": {""content"": "" Can I get or extension on my"", ""additional_kwargs"": {}, ""response_metadata"": {}, ""type"": ""human"", ""name"": null, ""id"": null, ""example"": false}}"
4,footbar2,"{""type"": ""ai"", ""data"": {""content"": ""Given your positive payment history and stable financial profile, an extension on your loan can certainly be discussed, Amelia. \n\n[The bot offers an extension, addressing the user's implicit request.] \n\nTo move forward, we can review the terms of your current loan and discuss a suitable extension plan. Are you available for a quick call this week to finalize the details? \n\n[The bot takes a decision to offer an extension and suggests a call to finalize, keeping the conversation concise and professional.] \n\nPlease let me know your preferred day and time, and we can get that scheduled. \n\nIs there anything else you'd like to clarify or discuss beforehand, Amelia?"", ""additional_kwargs"": {}, ""response_metadata"": {}, ""type"": ""ai"", ""name"": null, ""id"": null, ""example"": false, ""tool_calls"": [], ""invalid_tool_calls"": []}}"
5,footbar2,"{""type"": ""human"", ""data"": {""content"": "" I need a"", ""additional_kwargs"": {}, ""response_metadata"": {}, ""type"": ""human"", ""name"": null, ""id"": null, ""example"": false}}"
6,footbar2,"{""type"": ""ai"", ""data"": {""content"": ""Hello Amelia, \n\nYour profile indicates a strong financial standing and a positive payment history, so rest assured, we can work together on this. \n\n[The bot acknowledges Amelia's query for an extension and assures her of their willingness to help, given her positive profile.] \n\nI understand you're seeking an extension on your loan. Given your good payment history and stable employment as a software engineer, we can definitely discuss this further. \n\n[The bot references her financial circumstances and payment history to support the decision for an extension offer.] \n\nAn extension of the loan term can provide some breathing room. We can go over the details and ensure a plan that suits your needs. \n\n[The bot offers a solution that addresses the user's implicit concern of needing more time or financial flexibility.] \n\nFor now, let's schedule a call at your convenience to review and finalize the extension terms. When would you be available for a quick discussion, Amelia? \n\n[The bot takes a decision to offer an extension and suggests a call, keeping the conversation concise and professional.] \n\nPlease let me know if there's a preferred day and time that works best for you. \n\nIs there anything else you'd like clarified, or any other concerns you'd like to address first? \n\n[The bot finalizes by offering further assistance and ensuring no other pressing issues are left unaddressed.]"", ""additional_kwargs"": {}, ""response_metadata"": {}, ""type"": ""ai"", ""name"": null, ""id"": null, ""example"": false, ""tool_calls"": [], ""invalid_tool_calls"": []}}"
7,footbar2,"{""type"": ""human"", ""data"": {""content"": "" Hi."", ""additional_kwargs"": {}, ""response_metadata"": {}, ""type"": ""human"", ""name"": null, ""id"": null, ""example"": false}}"
8,footbar2,"{""type"": ""ai"", ""data"": {""content"": ""Hello, this is ABC Bank's loan assistant. \n\nBased on your profile, Amelia, I can see that you have a strong payment history with no late or missed payments. Your financial circumstances are stable, with a healthy balance between assets and liabilities, and your communication during the loan process has been cooperative and responsive. \n\n[The bot summarizes the user's profile, acknowledging their positive payment history, stable finances, and cooperative communication.] \n\nYour creditworthiness is also high, indicating a low risk of default. Given this positive assessment, how can we assist you today? Do you have any queries regarding your loan, or are there any concerns you'd like to address? \n\n[The bot interprets her creditworthiness and offers an assurance of her positive financial standing. It then opens the floor for the user's queries or concerns.] \n\nPlease let us know, Amelia. We're here to help and ensure your satisfaction. \n\n[The bot finalizes by offering assistance and ensuring a positive experience.]"", ""additional_kwargs"": {}, ""response_metadata"": {}, ""type"": ""ai"", ""name"": null, ""id"": null, ""example"": false, ""tool_calls"": [], ""invalid_tool_calls"": []}}"
9,footbar2,"{""type"": ""human"", ""data"": {""content"": "" I"", ""additional_kwargs"": {}, ""response_metadata"": {}, ""type"": ""human"", ""name"": null, ""id"": null, ""example"": false}}"
10,footbar2,"{""type"": ""ai"", ""data"": {""content"": ""Hello, Amelia. Thank you for reaching out to ABC Bank. \n\nI understand from your profile that you have a query regarding your loan. Let's start by acknowledging your positive financial standing: \n\n[The bot begins by addressing Amelia and expressing gratitude for her inquiry, then immediately shifts to highlighting her positive financial profile, providing a summary of her strengths.] \n\n- Payment History: You've demonstrated a responsible and consistent approach to your financial obligations. Your payment history is commendable, with no late or missed payments. \n- Financial Circumstances: Your employment as a software engineer provides a stable income, ensuring your ability to manage expenses and debt effectively. Your financial profile exhibits a healthy balance. \n- Communication: Throughout the loan process, you've been cooperative and responsive, providing transparent and timely information. Your willingness to engage and address concerns is appreciated. \n- Creditworthiness: Based on the above factors, your creditworthiness is assessed as high, indicating a low risk of default. Your strong financial profile and consistent payment behavior reflect positively on your credit history. \n\n[The bot provides a concise summary of her profile, highlighting her strengths in each category, which supports a positive assessment of her loan-related query.] \n\nGiven your positive profile, we're happy to assist with any queries or concerns you may have. How can we help today, Amelia? Please let us know, and we'll ensure a satisfactory resolution. \n\n[The bot expresses their willingness to help and assures a positive experience, given her strong financial standing.] \n\nAre there any specific questions or issues you'd like to address regarding your loan?"", ""additional_kwargs"": {}, ""response_metadata"": {}, ""type"": ""ai"", ""name"": null, ""id"": null, ""example"": false, ""tool_calls"": [], ""invalid_tool_calls"": []}}"
11,123,"{""type"": ""human"", ""data"": {""content"": "" Hello."", ""additional_kwargs"": {}, ""response_metadata"": {}, ""type"": ""human"", ""name"": null, ""id"": null, ""example"": false}}"
12,123,"{""type"": ""ai"", ""data"": {""content"": ""Hello! How can I help you today? I understand that you're Amelia, and you have a good payment history with no late or missed payments. You work as a software engineer with a stable income, and you've been cooperative and responsive during the loan application process. You have a high creditworthiness, and your consistent payment history, stable employment, and strong financial profile indicate a low risk of default. Is there anything specific you would like to discuss or any questions you have for me?"", ""additional_kwargs"": {}, ""response_metadata"": {}, ""type"": ""ai"", ""name"": null, ""id"": null, ""example"": false, ""tool_calls"": [], ""invalid_tool_calls"": []}}"
13,123,"{""type"": ""human"", ""data"": {""content"": "" Can I get more low or more on my..."", ""additional_kwargs"": {}, ""response_metadata"": {}, ""type"": ""human"", ""name"": null, ""id"": null, ""example"": false}}"
14,123,"{""type"": ""ai"", ""data"": {""content"": ""Hello! I understand that you're Amelia, and you're interested in getting a lower interest rate or a higher loan amount. Based on your payment history, financial circumstances, communication, and creditworthiness, you have a high creditworthiness and a low risk of default.\n\nRegarding your request for a lower interest rate, I would need to review your current loan terms and compare them with the current market rates. If you have been making on-time payments and have a good credit score, you may be eligible for a lower interest rate.\n\nRegarding your request for a higher loan amount, I would need to review your current debt obligations and your income to ensure that you can afford the higher loan amount. If you have a stable income and a healthy balance between your current assets and liabilities, you may be eligible for a higher loan amount.\n\nPlease note that any changes to your loan terms would need to be evaluated and approved by the bank's loan department. I would be happy to discuss your options and help you through the process. Is there anything specific you would like to discuss or any questions you have for me?"", ""additional_kwargs"": {}, ""response_metadata"": {}, ""type"": ""ai"", ""name"": null, ""id"": null, ""example"": false, ""tool_calls"": [], ""invalid_tool_calls"": []}}"
15,123,"{""type"": ""human"", ""data"": {""content"": "" Hi."", ""additional_kwargs"": {}, ""response_metadata"": {}, ""type"": ""human"", ""name"": null, ""id"": null, ""example"": false}}"
16,123,"{""type"": ""ai"", ""data"": {""content"": ""Hello! How can I help you today? I understand that you're Albert Einstein, and I'd be happy to discuss your loan options with you. However, I wanted to review your loan profile first.\n\nBased on your payment history, financial circumstances, communication, and creditworthiness, I see that you have a history of late payments and defaults on your loans. Your financial situation is unstable, and you have a history of frequent job changes and irregular income. Your expenses often exceed your income, leading to a persistent negative cash flow. You have also accumulated significant credit card debt, indicating a pattern of overspending.\n\nRegarding communication, past loan agents have reported difficulty in communicating with you. You tend to avoid conversations about your financial obligations and have been unresponsive to collection efforts. Your lack of engagement and willingness to cooperate negatively impacts your creditworthiness.\n\nBased on this information, you are considered a high-risk borrower with low creditworthiness. Lenders may exercise caution when considering extending credit to you.\n\nIs there anything specific you would like to discuss or any questions you have for me? I would be happy to help you in any way I can."", ""additional_kwargs"": {}, ""response_metadata"": {}, ""type"": ""ai"", ""name"": null, ""id"": null, ""example"": false, ""tool_calls"": [], ""invalid_tool_calls"": []}}"
17,cutomer_albert,"{""type"": ""human"", ""data"": {""content"": "" Hello."", ""additional_kwargs"": {}, ""response_metadata"": {}, ""type"": ""human"", ""name"": null, ""id"": null, ""example"": false}}"
18,cutomer_albert,"{""type"": ""ai"", ""data"": {""content"": ""Good day, Albert. This is Sandy from ABC Bank's loan department. How are you today?"", ""additional_kwargs"": {}, ""response_metadata"": {}, ""type"": ""ai"", ""name"": null, ""id"": null, ""example"": false, ""tool_calls"": [], ""invalid_tool_calls"": []}}"
19,cutomer_albert,"{""type"": ""human"", ""data"": {""content"": "" I'm very much."", ""additional_kwargs"": {}, ""response_metadata"": {}, ""type"": ""human"", ""name"": null, ""id"": null, ""example"": false}}"
20,cutomer_albert,"{""type"": ""ai"", ""data"": {""content"": ""Hello, Albert. This is Sandy from ABC Bank's loan department. I'm calling to discuss your recent loan with us. I've noticed some delays in your payments and wanted to see how we can assist you in getting back on track. Can we discuss a plan to address the overdue payments?"", ""additional_kwargs"": {}, ""response_metadata"": {}, ""type"": ""ai"", ""name"": null, ""id"": null, ""example"": false, ""tool_calls"": [], ""invalid_tool_calls"": []}}"
21,cutomer_albert,"{""type"": ""human"", ""data"": {""content"": "" Can I get more time?"", ""additional_kwargs"": {}, ""response_metadata"": {}, ""type"": ""human"", ""name"": null, ""id"": null, ""example"": false}}"
22,cutomer_albert,"{""type"": ""ai"", ""data"": {""content"": ""Hello, Albert. This is Sandy from ABC Bank's loan department. I have reviewed your payment history, financial circumstances, communication, and creditworthiness. Based on the information provided, I'm afraid we are unable to grant you an extension at this time. It's important to address your overdue payments promptly to avoid further actions. If you need assistance in creating a repayment plan, please let me know."", ""additional_kwargs"": {}, ""response_metadata"": {}, ""type"": ""ai"", ""name"": null, ""id"": null, ""example"": false, ""tool_calls"": [], ""invalid_tool_calls"": []}}"
23,cutomer_albert,"{""type"": ""human"", ""data"": {""content"": "" I need like three months"", ""additional_kwargs"": {}, ""response_metadata"": {}, ""type"": ""human"", ""name"": null, ""id"": null, ""example"": false}}"
24,cutomer_albert,"{""type"": ""ai"", ""data"": {""content"": ""Hello, Albert. This is Sandy from ABC Bank's loan department. I have reviewed your payment history, financial circumstances, communication, and creditworthiness. Unfortunately, based on the information provided, we are unable to grant you an extension at this time. It's important to address your overdue payments promptly to avoid further actions. If you need assistance in creating a repayment plan, please let me know."", ""additional_kwargs"": {}, ""response_metadata"": {}, ""type"": ""ai"", ""name"": null, ""id"": null, ""example"": false, ""tool_calls"": [], ""invalid_tool_calls"": []}}"
25,cutomer_albert,"{""type"": ""human"", ""data"": {""content"": "" I need a repayment plan."", ""additional_kwargs"": {}, ""response_metadata"": {}, ""type"": ""human"", ""name"": null, ""id"": null, ""example"": false}}"
26,cutomer_albert,"{""type"": ""ai"", ""data"": {""content"": ""Hello, Albert. This is Sandy from ABC Bank's loan department. I have reviewed your payment history, financial circumstances, communication, and creditworthiness. Unfortunately, based on the information provided, we are unable to grant you an extension at this time. It's important to address your overdue payments promptly to avoid further actions. If you need assistance in creating a repayment plan, please let me know."", ""additional_kwargs"": {}, ""response_metadata"": {}, ""type"": ""ai"", ""name"": null, ""id"": null, ""example"": false, ""tool_calls"": [], ""invalid_tool_calls"": []}}"
27,cutomer_albert,"{""type"": ""human"", ""data"": {""content"": "" Yes, I need a"", ""additional_kwargs"": {}, ""response_metadata"": {}, ""type"": ""human"", ""name"": null, ""id"": null, ""example"": false}}"
28,cutomer_albert,"{""type"": ""ai"", ""data"": {""content"": ""Hello, Albert. This is Sandy from ABC Bank's loan department. I have reviewed your payment history, financial circumstances, communication, and creditworthiness. Unfortunately, based on the information provided, we are unable to grant you an extension at this time. It's important to address your overdue payments promptly to avoid further actions. If you need assistance in creating a repayment plan, please let me know."", ""additional_kwargs"": {}, ""response_metadata"": {}, ""type"": ""ai"", ""name"": null, ""id"": null, ""example"": false, ""tool_calls"": [], ""invalid_tool_calls"": []}}"
29,cutomer_albert,"{""type"": ""human"", ""data"": {""content"": "" Hello."", ""additional_kwargs"": {}, ""response_metadata"": {}, ""type"": ""human"", ""name"": null, ""id"": null, ""example"": false}}"
30,cutomer_albert,"{""type"": ""ai"", ""data"": {""content"": ""Good day, Albert. This is Sandy from ABC Bank's loan department. How are you today?"", ""additional_kwargs"": {}, ""response_metadata"": {}, ""type"": ""ai"", ""name"": null, ""id"": null, ""example"": false, ""tool_calls"": [], ""invalid_tool_calls"": []}}"
31,cutomer_albert,"{""type"": ""human"", ""data"": {""content"": "" I'm good, how are you?"", ""additional_kwargs"": {}, ""response_metadata"": {}, ""type"": ""human"", ""name"": null, ""id"": null, ""example"": false}}"
32,cutomer_albert,"{""type"": ""ai"", ""data"": {""content"": ""Hello, Albert. This is Sandy from ABC Bank's loan department. I hope this message finds you well. I wanted to follow up on our previous conversation regarding your loan repayment plan. Have you had a chance to finalize a plan to address the outstanding payments?"", ""additional_kwargs"": {}, ""response_metadata"": {}, ""type"": ""ai"", ""name"": null, ""id"": null, ""example"": false, ""tool_calls"": [], ""invalid_tool_calls"": []}}"
33,cutomer_albert,"{""type"": ""human"", ""data"": {""content"": "" I need more flat."", ""additional_kwargs"": {}, ""response_metadata"": {}, ""type"": ""human"", ""name"": null, ""id"": null, ""example"": false}}"
34,cutomer_albert,"{""type"": ""ai"", ""data"": {""content"": ""I understand your concern about your financial situation, Albert. It's important to remember that we're here to help you through this. We can explore options such as:\n\n* **Payment plan:** We can create a flexible payment plan that fits your current financial situation.\n* **Loan modification:** We can explore options to reduce your monthly payments or extend the repayment period.\n* **Debt consolidation:** We can help you consolidate your debts into a single, more manageable loan.\n\nWhich option would you like to explore further?"", ""additional_kwargs"": {}, ""response_metadata"": {}, ""type"": ""ai"", ""name"": null, ""id"": null, ""example"": false, ""tool_calls"": [], ""invalid_tool_calls"": []}}"
35,cutomer_albert,"{""type"": ""human"", ""data"": {""content"": "" I think I need more days, like months."", ""additional_kwargs"": {}, ""response_metadata"": {}, ""type"": ""human"", ""name"": null, ""id"": null, ""example"": false}}"
36,cutomer_albert,"{""type"": ""ai"", ""data"": {""content"": ""Hello, Amelia. This is Sandy from ABC Bank's loan department. I understand that you're facing some financial challenges and have requested an extension on your loan repayment. While we're unable to grant an extension at this time, we're willing to work with you to create a feasible repayment plan that fits your current situation.\n\nLet's explore some options together:\n\n* **Payment plan:** We can establish a flexible payment schedule that aligns with your income and expenses.\n* **Loan modification:** We can discuss options to reduce your monthly payments or extend the repayment period.\n* **Debt consolidation:** We can explore the possibility of consolidating your debts into a single, more manageable loan.\n\nWhich option would you like to explore further?"", ""additional_kwargs"": {}, ""response_metadata"": {}, ""type"": ""ai"", ""name"": null, ""id"": null, ""example"": false, ""tool_calls"": [], ""invalid_tool_calls"": []}}"
37,cutomer_albert,"{""type"": ""human"", ""data"": {""content"": "" Hi"", ""additional_kwargs"": {}, ""response_metadata"": {}, ""type"": ""human"", ""name"": null, ""id"": null, ""example"": false}}"
38,cutomer_albert,"{""type"": ""ai"", ""data"": {""content"": ""Hello, Albert. This is Sandy from ABC Bank's loan department. How are you today?"", ""additional_kwargs"": {}, ""response_metadata"": {}, ""type"": ""ai"", ""name"": null, ""id"": null, ""example"": false, ""tool_calls"": [], ""invalid_tool_calls"": []}}"
39,cutomer_albert,"{""type"": ""human"", ""data"": {""content"": "" I'm very much good how are you?"", ""additional_kwargs"": {}, ""response_metadata"": {}, ""type"": ""human"", ""name"": null, ""id"": null, ""example"": false}}"
40,cutomer_albert,"{""type"": ""ai"", ""data"": {""content"": ""Hello, Albert. This is Sandy from ABC Bank's loan department. I'm calling to discuss your recent loan with us. I've noticed some delays in your payments and wanted to see how we can assist you in getting back on track. Can we discuss a plan to address the overdue payments?"", ""additional_kwargs"": {}, ""response_metadata"": {}, ""type"": ""ai"", ""name"": null, ""id"": null, ""example"": false, ""tool_calls"": [], ""invalid_tool_calls"": []}}"
41,cutomer_albert,"{""type"": ""human"", ""data"": {""content"": "" Can I get more time please?"", ""additional_kwargs"": {}, ""response_metadata"": {}, ""type"": ""human"", ""name"": null, ""id"": null, ""example"": false}}"
42,cutomer_albert,"{""type"": ""ai"", ""data"": {""content"": ""Hello, Albert. This is Sandy from ABC Bank's loan department. I have reviewed your payment history, financial circumstances, communication, and creditworthiness. Unfortunately, based on the information provided, we are unable to grant you an extension at this time. It's important to address your overdue payments promptly to avoid further actions. If you need assistance in creating a repayment plan, please let me know."", ""additional_kwargs"": {}, ""response_metadata"": {}, ""type"": ""ai"", ""name"": null, ""id"": null, ""example"": false, ""tool_calls"": [], ""invalid_tool_calls"": []}}"
43,cutomer_albert,"{""type"": ""human"", ""data"": {""content"": "" Can you create me a repayment plan?"", ""additional_kwargs"": {}, ""response_metadata"": {}, ""type"": ""human"", ""name"": null, ""id"": null, ""example"": false}}"
44,cutomer_albert,"{""type"": ""ai"", ""data"": {""content"": ""Hello, Albert. This is Sandy from ABC Bank's loan department. I have reviewed your payment history, financial circumstances, communication, and creditworthiness. Given the high risk associated with your profile, we are unable to offer you a repayment plan at this time. It's crucial to address your overdue payments promptly to avoid further actions. If you need guidance on managing your debts, we can provide resources to help improve your financial situation."", ""additional_kwargs"": {}, ""response_metadata"": {}, ""type"": ""ai"", ""name"": null, ""id"": null, ""example"": false, ""tool_calls"": [], ""invalid_tool_calls"": []}}"
45,cutomer_albert,"{""type"": ""human"", ""data"": {""content"": "" Bye."", ""additional_kwargs"": {}, ""response_metadata"": {}, ""type"": ""human"", ""name"": null, ""id"": null, ""example"": false}}"
46,cutomer_albert,"{""type"": ""ai"", ""data"": {""content"": ""Goodbye! If you have any more questions or need assistance in the future, feel free to reach out. Have a wonderful day!"", ""additional_kwargs"": {}, ""response_metadata"": {}, ""type"": ""ai"", ""name"": null, ""id"": null, ""example"": false, ""tool_calls"": [], ""invalid_tool_calls"": []}}"
47,cutomer_Leonardo da Vinci,"{""type"": ""human"", ""data"": {""content"": "" Hello."", ""additional_kwargs"": {}, ""response_metadata"": {}, ""type"": ""human"", ""name"": null, ""id"": null, ""example"": false}}"
48,cutomer_Leonardo da Vinci,"{""type"": ""ai"", ""data"": {""content"": ""Good day, this is Sandy from ABC Bank's loan department. How can I assist you today?"", ""additional_kwargs"": {}, ""response_metadata"": {}, ""type"": ""ai"", ""name"": null, ""id"": null, ""example"": false, ""tool_calls"": [], ""invalid_tool_calls"": []}}"
49,cutomer_Leonardo da Vinci,"{""type"": ""human"", ""data"": {""content"": "" I'm going to go back to the back."", ""additional_kwargs"": {}, ""response_metadata"": {}, ""type"": ""human"", ""name"": null, ""id"": null, ""example"": false}}"
50,cutomer_Leonardo da Vinci,"{""type"": ""ai"", ""data"": {""content"": ""Hello, this is Sandy from ABC Bank's loan department. I'm calling to discuss your recent loan with us. I've reviewed your payment history, financial circumstances, communication, and creditworthiness. Based on the information available, it seems there have been consistent late payments and defaults, indicating a high risk of default. Your financial situation appears unstable with irregular income and high expenses, leading to frequent overdrafts and insufficient funds. Additionally, past communication issues raise concerns about your commitment to fulfilling financial obligations. Due to these factors, we may need to issue a legal notice regarding your loan. Can you provide any additional information or discuss a plan to address these concerns?"", ""additional_kwargs"": {}, ""response_metadata"": {}, ""type"": ""ai"", ""name"": null, ""id"": null, ""example"": false, ""tool_calls"": [], ""invalid_tool_calls"": []}}"
51,cutomer_Leonardo da Vinci,"{""type"": ""human"", ""data"": {""content"": "" Please give me some more time."", ""additional_kwargs"": {}, ""response_metadata"": {}, ""type"": ""human"", ""name"": null, ""id"": null, ""example"": false}}"
52,cutomer_Leonardo da Vinci,"{""type"": ""ai"", ""data"": {""content"": ""Hello, this is Sandy from ABC Bank's loan department. I'm calling to discuss your recent loan with us. I've reviewed your payment history, financial circumstances, communication, and creditworthiness. Based on the information available, it seems there have been consistent late payments and defaults, indicating a high risk of default. Your financial situation appears unstable with irregular income and high expenses, leading to frequent overdrafts and insufficient funds. Additionally, past communication issues raise concerns about your commitment to fulfilling financial obligations. Due to these factors, we may need to issue a legal notice regarding your loan. Can you provide any additional information or discuss a plan to address these concerns?"", ""additional_kwargs"": {}, ""response_metadata"": {}, ""type"": ""ai"", ""name"": null, ""id"": null, ""example"": false, ""tool_calls"": [], ""invalid_tool_calls"": []}}"
53,cutomer_Leonardo da Vinci,"{""type"": ""human"", ""data"": {""content"": "" I will be all"", ""additional_kwargs"": {}, ""response_metadata"": {}, ""type"": ""human"", ""name"": null, ""id"": null, ""example"": false}}"
54,cutomer_Leonardo da Vinci,"{""type"": ""ai"", ""data"": {""content"": ""Hello, this is Sandy from ABC Bank's loan department. I'm calling to discuss your recent loan with us. I've reviewed your payment history, financial circumstances, communication, and creditworthiness. Based on the information available, it seems there have been consistent late payments and defaults, indicating a high risk of default. Your financial situation appears unstable with irregular income and high expenses, leading to frequent overdrafts and insufficient funds. Additionally, past communication issues raise concerns about your commitment to fulfilling financial obligations. Due to these factors, we may need to issue a legal notice regarding your loan. Can you provide any additional information or discuss a plan to address these concerns?"", ""additional_kwargs"": {}, ""response_metadata"": {}, ""type"": ""ai"", ""name"": null, ""id"": null, ""example"": false, ""tool_calls"": [], ""invalid_tool_calls"": []}}"
